"N","seed_theta","seed_Y","K","fold","predictive_llk","predictive_llk_dist_mean"
400,1,1,6,1,-3426.88645502222,-3459.29170296968
400,1,1,6,2,-3473.11518630307,-3479.47074093991
400,1,1,6,3,-3426.56126762381,-3438.82734716388
400,1,1,6,4,-3461.83261541053,-3479.52724288727
400,1,1,6,5,-3430.77384006874,-3474.41456284755
400,1,2,6,1,-3462.32466201826,-3503.19508152409
400,1,2,6,2,-3531.91437008234,-3512.35279201806
400,1,2,6,3,-3450.80156817405,-3496.63154030078
400,1,2,6,4,-3405.56929609134,-3437.58169048335
400,1,2,6,5,-3423.92220141376,-3466.46112578188
400,1,3,6,1,-3383.55348688553,-3424.32616152907
400,1,3,6,2,-3338.79454824096,-3376.5029267409
400,1,3,6,3,-3379.40437778271,-3423.20516246381
400,1,3,6,4,-3340.70587512395,-3375.39253273417
400,1,3,6,5,-3396.27578924712,-3407.71873107038
400,1,4,6,1,-3373.44168692859,-3406.49596696903
400,1,4,6,2,-3370.61040805955,-3407.93915707733
400,1,4,6,3,-3440.40605438299,-3446.00836877873
400,1,4,6,4,-3377.60111761156,-3404.35204870194
400,1,4,6,5,-3371.59780267955,-3410.16574003563
400,1,5,6,1,-3388.58412800966,-3419.72063462771
400,1,5,6,2,-3331.51809064341,-3359.91802193767
400,1,5,6,3,-3364.47340011317,-3386.53699050324
400,1,5,6,4,-3328.58306686317,-3365.24884969904
400,1,5,6,5,-3356.69001832611,-3352.45594281254
800,1,1,6,1,-6826.67040146142,-6847.84224306285
800,1,1,6,2,-6633.26429309625,-6665.17818332716
800,1,1,6,3,-6705.18092960687,-6742.00022360879
800,1,1,6,4,-6744.07582710725,-6787.56228347119
800,1,1,6,5,-6746.82432290376,-6758.22447960947
800,1,2,6,1,-6720.24146602731,-6762.05590189626
800,1,2,6,2,-6792.1420478237,-6833.58264341656
800,1,2,6,3,-6704.30284368526,-6700.90304158622
800,1,2,6,4,-6679.1324364586,-6712.27746074046
800,1,2,6,5,-6752.63806908605,-6788.53644512946
800,1,3,6,1,-6703.96889261542,-6742.23075036327
800,1,3,6,2,-6667.08274343777,-6691.07397715665
800,1,3,6,3,-6665.37129540155,-6701.81159785804
800,1,3,6,4,-6636.52823555893,-6676.7860749873
800,1,3,6,5,-6733.12108546254,-6774.61960679575
800,1,4,6,1,-6701.84393975568,-6744.43842512653
800,1,4,6,2,-6756.60115526874,-6785.21039351874
800,1,4,6,3,-6791.88627644088,-6835.90447196592
800,1,4,6,4,-6745.83745582754,-6781.56735577463
800,1,4,6,5,-6700.86509913972,-6742.81351139413
800,1,5,6,1,-6757.30748728384,-6800.67914816723
800,1,5,6,2,-6614.22272800202,-6653.7170559384
800,1,5,6,3,-6685.17109240846,-6725.17480684414
800,1,5,6,4,-6757.02432880056,-6752.31420433752
800,1,5,6,5,-6764.2812456704,-6786.89629641761
400,2,1,6,1,-3137.50529925279,-3154.95242349932
400,2,1,6,2,-3121.7305476066,-3144.37045910619
400,2,1,6,3,-3129.95190006745,-3152.3276415687
400,2,1,6,4,-3170.89489284843,-3189.44982460522
400,2,1,6,5,-3186.01434559505,-3209.73012025326
400,2,2,6,1,-3238.70876595013,-3248.33193102729
400,2,2,6,2,-3198.30361573476,-3208.00361395564
400,2,2,6,3,-3193.04316250604,-3205.71847064
400,2,2,6,4,-3181.2015403406,-3188.65477052513
400,2,2,6,5,-3177.60953450058,-3183.65068389824
400,2,3,6,1,-3182.31221059896,-3189.83507782516
400,2,3,6,2,-3144.55798595098,-3158.49239247069
400,2,3,6,3,-3228.96318582554,-3242.52682643467
400,2,3,6,4,-3160.29553224919,-3167.51761692789
400,2,3,6,5,-3172.59410623746,-3167.75722070429
400,2,4,6,1,-3043.1003091001,-3060.66032128608
400,2,4,6,2,-3118.65086223118,-3146.37823592502
400,2,4,6,3,-3180.74405523094,-3209.37319480306
400,2,4,6,4,-3173.31917214253,-3199.59978376214
400,2,4,6,5,-3178.48868827074,-3182.1865016075
400,2,5,6,1,-3157.89197771458,-3178.45683785369
400,2,5,6,2,-3225.62035967434,-3243.63568538864
400,2,5,6,3,-3214.68780576554,-3245.32842051395
400,2,5,6,4,-3287.63856610283,-3288.53805139499
400,2,5,6,5,-3171.41036953594,-3199.22655842184
800,2,1,6,1,-6268.77679992212,-6288.32433824349
800,2,1,6,2,-6283.63958597272,-6306.83628322139
800,2,1,6,3,-6380.58012960027,-6351.97559179144
800,2,1,6,4,-6235.79697442006,-6253.1353713005
800,2,1,6,5,-6220.85135026311,-6235.32360015987
800,2,2,6,1,-6395.77169875881,-6405.90988299287
800,2,2,6,2,-6338.17710693373,-6343.14558356945
800,2,2,6,3,-6335.82163997896,-6347.18227533607
800,2,2,6,4,-6354.57854607164,-6364.270167653
800,2,2,6,5,-6350.2175243073,-6363.90640542796
800,2,3,6,1,-6295.40827436574,-6311.05902381433
800,2,3,6,2,-6346.40475905997,-6360.1849359025
800,2,3,6,3,-6293.36372103101,-6304.15456593016
800,2,3,6,4,-6275.59851236443,-6294.80305644861
800,2,3,6,5,-6286.65509061146,-6292.37170386263
800,2,4,6,1,-6311.67266736387,-6326.7750120106
800,2,4,6,2,-6152.43178596631,-6166.6688934062
800,2,4,6,3,-6182.65142048028,-6209.61913958026
800,2,4,6,4,-6169.47821843828,-6194.57536307735
800,2,4,6,5,-6114.60235237407,-6136.18953873034
800,2,5,6,1,-6219.3176782687,-6239.87969942352
800,2,5,6,2,-6315.58617523572,-6337.51739105309
800,2,5,6,3,-6309.19625320149,-6330.65178414535
800,2,5,6,4,-6361.83617296793,-6375.66154707366
800,2,5,6,5,-6387.79613512449,-6410.21076443236
400,3,1,6,1,-3302.41899245371,-3323.82765559894
400,3,1,6,2,-3445.62797374119,-3453.45885709699
400,3,1,6,3,-3404.71122926269,-3424.58827596191
400,3,1,6,4,-3429.06915440458,-3451.47467194214
400,3,1,6,5,-3385.82106127094,-3383.05641016835
400,3,2,6,1,-3408.28525658302,-3418.71893712676
400,3,2,6,2,-3434.90943880067,-3449.57650792319
400,3,2,6,3,-3394.67249244935,-3417.6481275564
400,3,2,6,4,-3390.58765865841,-3409.74859973624
400,3,2,6,5,-3432.2544440245,-3457.41479967853
400,3,3,6,1,-3422.46306247122,-3431.20764766363
400,3,3,6,2,-3418.04661908333,-3433.11302859874
400,3,3,6,3,-3411.18813498812,-3430.0227920152
400,3,3,6,4,-3393.2685094728,-3406.2271059218
400,3,3,6,5,-3314.7991591807,-3337.7934958895
400,3,4,6,1,-3395.12776884126,-3409.5147521564
400,3,4,6,2,-3416.39534581538,-3444.83835320768
400,3,4,6,3,-3389.81277509909,-3419.12259315202
400,3,4,6,4,-3378.18312476976,-3393.96336487117
400,3,4,6,5,-3363.44316772408,-3390.59147490956
400,3,5,6,1,-3384.83241629369,-3398.12384425594
400,3,5,6,2,-3370.06345171036,-3369.63950495868
400,3,5,6,3,-3326.86393944707,-3343.67867356701
400,3,5,6,4,-3409.386128267,-3425.10136821139
400,3,5,6,5,-3349.98595682766,-3378.5674761819
800,3,1,6,1,-6657.24651232701,-6670.45562868563
800,3,1,6,2,-6691.80648369384,-6719.39832731501
800,3,1,6,3,-6656.89489990259,-6658.83943746409
800,3,1,6,4,-6685.28081740448,-6682.48474474718
800,3,1,6,5,-6708.32863217862,-6735.08943082503
800,3,2,6,1,-6728.71129942047,-6738.56551562662
800,3,2,6,2,-6620.31702461119,-6641.77958539422
800,3,2,6,3,-6723.97798994935,-6747.19326116528
800,3,2,6,4,-6706.06217101037,-6720.81085109627
800,3,2,6,5,-6769.11803612697,-6785.92173456352
800,3,3,6,1,-6761.11742552774,-6763.82669466206
800,3,3,6,2,-6673.22514482385,-6670.93187586568
800,3,3,6,3,-6610.02840849872,-6625.45433379602
800,3,3,6,4,-6753.96770688521,-6689.45621234154
800,3,3,6,5,-6621.22565612051,-6641.87229058062
800,3,4,6,1,-6693.54502755319,-6701.40068697736
800,3,4,6,2,-6728.0730784929,-6753.88201299523
800,3,4,6,3,-6708.47601536016,-6728.46071644847
800,3,4,6,4,-6636.72682922028,-6656.67393353181
800,3,4,6,5,-6647.01324091756,-6667.22682325346
800,3,5,6,1,-6740.35108234439,-6680.11303362852
800,3,5,6,2,-6663.70437293842,-6628.63889920121
800,3,5,6,3,-6676.14108743757,-6694.45301565738
800,3,5,6,4,-6668.04684829648,-6688.43180583079
800,3,5,6,5,-6678.76303563642,-6705.23625772702
400,4,1,6,1,-3443.37800219052,-3458.725743513
400,4,1,6,2,-3474.52146903113,-3478.2437422417
400,4,1,6,3,-3350.33916569835,-3363.321521649
400,4,1,6,4,-3463.5197847065,-3476.92457767123
400,4,1,6,5,-3382.42696298182,-3402.89514632841
400,4,2,6,1,-3484.18551450163,-3485.9319256441
400,4,2,6,2,-3462.92265414351,-3454.47898762211
400,4,2,6,3,-3446.85041569621,-3450.33855594473
400,4,2,6,4,-3468.57322962974,-3479.66699088152
400,4,2,6,5,-3441.81901908469,-3454.26650653749
400,4,3,6,1,-3487.06362189391,-3507.7713189744
400,4,3,6,2,-3406.3044104246,-3421.75779156008
400,4,3,6,3,-3429.1244501671,-3446.01951268954
400,4,3,6,4,-3436.31171297591,-3449.67805700103
400,4,3,6,5,-3400.69563018529,-3418.16592494144
400,4,4,6,1,-3452.73552508155,-3474.30269064281
400,4,4,6,2,-3399.72131285873,-3420.69123209541
400,4,4,6,3,-3434.25604985293,-3457.32346692346
400,4,4,6,4,-3412.56947966994,-3432.45014793264
400,4,4,6,5,-3374.76883639381,-3397.74558869442
400,4,5,6,1,-3415.29641096958,-3445.75657671941
400,4,5,6,2,-3401.73626967781,-3429.74092769759
400,4,5,6,3,-3446.14681112958,-3469.74621878801
400,4,5,6,4,-3420.42634335581,-3438.90772715786
400,4,5,6,5,-3422.65752486374,-3453.22704135688
800,4,1,6,1,-6759.33190562282,-6767.52650042949
800,4,1,6,2,-6849.66239928123,-6844.20300827378
800,4,1,6,3,-6788.62485848101,-6792.56292100558
800,4,1,6,4,-6789.42538145162,-6807.24328610907
800,4,1,6,5,-6789.69667371112,-6782.85268406929
800,4,2,6,1,-6769.16802725726,-6783.17819820226
800,4,2,6,2,-6887.83015305536,-6902.44230359607
800,4,2,6,3,-6819.47738377157,-6828.08693598569
800,4,2,6,4,-6829.07551359074,-6839.29137970078
800,4,2,6,5,-6780.41545965694,-6794.08490816875
800,4,3,6,1,-6833.51667323079,-6847.97757736558
800,4,3,6,2,-6843.90255146711,-6858.17768378058
800,4,3,6,3,-6838.22997231521,-6845.44069189239
800,4,3,6,4,-6802.80058836376,-6814.06230030301
800,4,3,6,5,-6818.64424566869,-6833.43437093765
800,4,4,6,1,-6754.29394163397,-6768.36162614467
800,4,4,6,2,-6756.65838651189,-6737.93216590185
800,4,4,6,3,-6838.39393044276,-6853.44786524564
800,4,4,6,4,-6796.25148752999,-6806.15824528622
800,4,4,6,5,-6763.17955118675,-6778.97191036937
800,4,5,6,1,-6813.90735734716,-6834.88181559659
800,4,5,6,2,-6791.82639126822,-6813.59249651004
800,4,5,6,3,-6801.93965373056,-6815.63468232227
800,4,5,6,4,-6809.18673929185,-6833.77874077215
800,4,5,6,5,-6821.68191548125,-6847.49980775294
400,5,1,6,1,-3150.25923864944,-3172.65644864645
400,5,1,6,2,-3248.10148842196,-3253.48635868869
400,5,1,6,3,-3219.73603960848,-3232.06369508195
400,5,1,6,4,-3217.79283213679,-3230.64621431221
400,5,1,6,5,-3205.79665284939,-3228.71969969235
400,5,2,6,1,-3326.04106981423,-3329.99276279184
400,5,2,6,2,-3278.36906848323,-3287.00741336258
400,5,2,6,3,-3244.33069991454,-3248.91780098193
400,5,2,6,4,-3263.78504811322,-3263.38952195151
400,5,2,6,5,-3279.65010961063,-3284.07641335141
400,5,3,6,1,-3224.78393860807,-3246.03810205923
400,5,3,6,2,-3262.15909685202,-3288.10352135132
400,5,3,6,3,-3284.63327644179,-3304.34700025639
400,5,3,6,4,-3300.70891479027,-3325.62491367073
400,5,3,6,5,-3244.61416684593,-3271.25144066471
400,5,4,6,1,-3228.43763447903,-3251.68658147969
400,5,4,6,2,-3269.52204339567,-3272.14170519291
400,5,4,6,3,-3236.76407307033,-3252.77451498578
400,5,4,6,4,-3260.86812497388,-3275.65397622845
400,5,4,6,5,-3240.26592870584,-3235.16586597404
400,5,5,6,1,-3252.47393957324,-3271.97290555562
400,5,5,6,2,-3230.95434682541,-3247.16744520683
400,5,5,6,3,-3250.85172244848,-3265.95019631589
400,5,5,6,4,-3277.42792262773,-3288.79554373962
400,5,5,6,5,-3228.77457091459,-3245.8021391262
800,5,1,6,1,-6393.69762888171,-6408.81017701463
800,5,1,6,2,-6458.54818613125,-6449.91074272854
800,5,1,6,3,-6388.71344238296,-6414.46648337173
800,5,1,6,4,-6491.0430935626,-6509.66072721109
800,5,1,6,5,-6454.72626671026,-6478.94132495018
800,5,2,6,1,-6507.41013215653,-6502.76673487247
800,5,2,6,2,-6575.27828146338,-6548.6508412883
800,5,2,6,3,-6511.664525909,-6509.28670554115
800,5,2,6,4,-6524.65178292959,-6539.16501691362
800,5,2,6,5,-6568.19978633698,-6583.71809693623
800,5,3,6,1,-6416.30476432759,-6431.97921114844
800,5,3,6,2,-6475.52240238445,-6422.7138347942
800,5,3,6,3,-6458.28423550013,-6478.33165948763
800,5,3,6,4,-6444.25151863155,-6387.56734282782
800,5,3,6,5,-6425.93108976435,-6441.55868707457
800,5,4,6,1,-6486.33704135326,-6505.98116025231
800,5,4,6,2,-6472.12722494055,-6490.34957624244
800,5,4,6,3,-6421.85061325229,-6436.22987992281
800,5,4,6,4,-6451.09270948349,-6454.21493801994
800,5,4,6,5,-6454.49773449478,-6466.86211068929
800,5,5,6,1,-6485.42452608455,-6474.58506988437
800,5,5,6,2,-6396.35142860434,-6400.22562799306
800,5,5,6,3,-6446.30585833732,-6462.18491563058
800,5,5,6,4,-6436.50493636525,-6429.17972539506
800,5,5,6,5,-6448.39061610469,-6454.38496792075
400,6,1,6,1,-3333.71098699611,-3369.77271925352
400,6,1,6,2,-3297.93016814854,-3308.52188495573
400,6,1,6,3,-3303.88079560063,-3339.6638865481
400,6,1,6,4,-3283.99839726279,-3315.3771477805
400,6,1,6,5,-3315.96634751634,-3345.24474126849
400,6,2,6,1,-3424.74195210497,-3442.79867766393
400,6,2,6,2,-3339.94571357837,-3354.09916322237
400,6,2,6,3,-3332.82414058827,-3351.66540932795
400,6,2,6,4,-3303.02819444942,-3317.20590507687
400,6,2,6,5,-3332.64842953403,-3353.11986860354
400,6,3,6,1,-3270.61598761222,-3303.25364337162
400,6,3,6,2,-3268.25280119902,-3302.32058555351
400,6,3,6,3,-3332.21200677829,-3373.33265392686
400,6,3,6,4,-3315.73826097261,-3346.09844590807
400,6,3,6,5,-3325.02363783471,-3344.21680358539
400,6,4,6,1,-3254.00058533457,-3283.70049700239
400,6,4,6,2,-3267.70426412706,-3289.68531111551
400,6,4,6,3,-3282.18334532823,-3282.96900996548
400,6,4,6,4,-3243.85155875908,-3252.30770069229
400,6,4,6,5,-3274.70007906348,-3306.99539790488
400,6,5,6,1,-3287.51689347907,-3322.41227411077
400,6,5,6,2,-3305.95440098332,-3314.68566364246
400,6,5,6,3,-3278.3286990008,-3299.8443289788
400,6,5,6,4,-3272.2654750346,-3295.54162714275
400,6,5,6,5,-3285.88015254643,-3300.79887478604
800,6,1,6,1,-6547.90279544094,-6572.19412305202
800,6,1,6,2,-6626.99271017756,-6626.83400387172
800,6,1,6,3,-6465.36619713946,-6489.75691610813
800,6,1,6,4,-6565.23295792069,-6592.4906346398
800,6,1,6,5,-6515.48390876599,-6540.076284719
800,6,2,6,1,-6527.9111824644,-6546.65364290795
800,6,2,6,2,-6534.04020279431,-6565.25282798541
800,6,2,6,3,-6544.50563117785,-6573.84776938494
800,6,2,6,4,-6564.95211121437,-6589.09440774299
800,6,2,6,5,-6560.87842485492,-6567.76821063145
800,6,3,6,1,-6514.91147476815,-6543.02227277599
800,6,3,6,2,-6556.33241682533,-6587.73566032381
800,6,3,6,3,-6619.10085701016,-6651.52219658097
800,6,3,6,4,-6505.93603676983,-6494.31286542297
800,6,3,6,5,-6512.85340447652,-6538.9262654322
800,6,4,6,1,-6699.44587013207,-6621.34006733313
800,6,4,6,2,-6504.29307784036,-6538.28105347293
800,6,4,6,3,-6601.42319518012,-6513.21192897652
800,6,4,6,4,-6599.98977436367,-6569.78205573949
800,6,4,6,5,-6469.4102041797,-6503.25272048183
800,6,5,6,1,-6527.54365058715,-6501.62046319025
800,6,5,6,2,-6498.7713164364,-6462.81893491986
800,6,5,6,3,-6558.79049788661,-6582.5154382955
800,6,5,6,4,-6527.43450149438,-6560.00505201983
800,6,5,6,5,-6547.22543353846,-6558.67112400847
400,7,1,6,1,-3441.46612517018,-3431.4569909183
400,7,1,6,2,-3408.16099902668,-3391.95572783377
400,7,1,6,3,-3363.49529457742,-3357.59865100409
400,7,1,6,4,-3436.8307665191,-3436.52466024705
400,7,1,6,5,-3391.65805224935,-3388.31887534638
400,7,2,6,1,-3415.92865244202,-3432.95616261161
400,7,2,6,2,-3453.29576117052,-3465.68332436491
400,7,2,6,3,-3442.25114908762,-3456.47373630437
400,7,2,6,4,-3408.26522783957,-3413.52665429581
400,7,2,6,5,-3438.94367273908,-3427.98311929093
400,7,3,6,1,-3357.04603203992,-3367.55702981656
400,7,3,6,2,-3357.18426660593,-3369.31134367597
400,7,3,6,3,-3411.76352743204,-3425.74212197316
400,7,3,6,4,-3415.88047078738,-3436.41635645727
400,7,3,6,5,-3368.29193511309,-3375.60202104317
400,7,4,6,1,-3394.62590364406,-3415.23697709526
400,7,4,6,2,-3391.47858744565,-3415.26524365601
400,7,4,6,3,-3382.45029548197,-3407.74480919909
400,7,4,6,4,-3373.45014545517,-3388.03007155677
400,7,4,6,5,-3358.54127895689,-3375.53621764522
400,7,5,6,1,-3414.61838606624,-3417.32752819401
400,7,5,6,2,-3345.43872894559,-3333.54825947631
400,7,5,6,3,-3372.58808811761,-3377.7164627488
400,7,5,6,4,-3412.05506973591,-3401.23158190897
400,7,5,6,5,-3436.39857458236,-3431.1608071012
800,7,1,6,1,-6738.47501501817,-6750.66543575438
800,7,1,6,2,-6731.68330179235,-6743.86448300663
800,7,1,6,3,-6799.55070456211,-6812.77417348778
800,7,1,6,4,-6754.9372618573,-6770.62863067537
800,7,1,6,5,-6747.2549761835,-6756.21942134252
800,7,2,6,1,-6729.24006646841,-6743.29121521875
800,7,2,6,2,-6744.40993707207,-6758.99313539145
800,7,2,6,3,-6724.2503850298,-6740.14592545808
800,7,2,6,4,-6790.18236336573,-6798.980226072
800,7,2,6,5,-6757.74476647114,-6774.67340330956
800,7,3,6,1,-6688.65514152496,-6693.61156409942
800,7,3,6,2,-6711.97539245141,-6713.33475261431
800,7,3,6,3,-6674.62782924628,-6684.51305833346
800,7,3,6,4,-6625.20559002292,-6643.94258778962
800,7,3,6,5,-6715.87621407081,-6732.08293016483
800,7,4,6,1,-6699.5351906693,-6702.55046279987
800,7,4,6,2,-6714.12848399433,-6734.54896214381
800,7,4,6,3,-6700.27562783156,-6726.22827960806
800,7,4,6,4,-6759.57566316226,-6747.84130800466
800,7,4,6,5,-6700.40558527574,-6714.53832816296
800,7,5,6,1,-6660.17420961491,-6674.50733249704
800,7,5,6,2,-6677.74502175912,-6690.48234122296
800,7,5,6,3,-6689.87900363091,-6705.3380735125
800,7,5,6,4,-6675.76544561762,-6695.53752769055
800,7,5,6,5,-6838.91994097602,-6836.74202186608
400,8,1,6,1,-3244.30476189169,-3257.5428953453
400,8,1,6,2,-3313.72367156268,-3317.78073058599
400,8,1,6,3,-3249.88371574517,-3264.42358033464
400,8,1,6,4,-3235.70235721273,-3255.14594222327
400,8,1,6,5,-3283.61656173208,-3275.16911608736
400,8,2,6,1,-3286.323622121,-3289.49133227082
400,8,2,6,2,-3296.78085935573,-3281.2483552509
400,8,2,6,3,-3303.32579240008,-3319.4883017008
400,8,2,6,4,-3200.64272163047,-3205.11562733309
400,8,2,6,5,-3268.28139744189,-3282.28767198184
400,8,3,6,1,-3203.97963347014,-3224.20651516204
400,8,3,6,2,-3192.54243520053,-3205.46714255571
400,8,3,6,3,-3184.60864835021,-3205.28729080493
400,8,3,6,4,-3227.79189703389,-3247.43209483941
400,8,3,6,5,-3156.92034171185,-3158.03200064364
400,8,4,6,1,-3226.73192385461,-3247.35865550392
400,8,4,6,2,-3304.67986848884,-3322.23825763434
400,8,4,6,3,-3265.0286220143,-3239.54405321154
400,8,4,6,4,-3232.27067893126,-3255.87599895496
400,8,4,6,5,-3188.48318324979,-3212.77680464066
400,8,5,6,1,-3257.46475128149,-3280.89426902804
400,8,5,6,2,-3223.54977516305,-3250.01382685578
400,8,5,6,3,-3212.60261238867,-3231.75601109115
400,8,5,6,4,-3224.41901618604,-3226.41426441067
400,8,5,6,5,-3250.26152661939,-3267.82838142554
800,8,1,6,1,-6413.04958071148,-6426.2480983095
800,8,1,6,2,-6397.09179267284,-6413.14286736874
800,8,1,6,3,-6435.92477840797,-6438.73152657474
800,8,1,6,4,-6452.21164837873,-6469.04302198505
800,8,1,6,5,-6399.65934633742,-6415.38178228106
800,8,2,6,1,-6433.18952978173,-6425.03731920193
800,8,2,6,2,-6403.15333006994,-6418.86712136382
800,8,2,6,3,-6477.31387090898,-6452.63408984137
800,8,2,6,4,-6371.42954085669,-6384.36951317722
800,8,2,6,5,-6338.67975214868,-6350.9241960495
800,8,3,6,1,-6367.20851934482,-6303.49263912717
800,8,3,6,2,-6423.78466030194,-6375.48006796698
800,8,3,6,3,-6450.26020911379,-6460.48674521943
800,8,3,6,4,-6381.39469218986,-6401.7425810598
800,8,3,6,5,-6403.17416641362,-6422.62521546017
800,8,4,6,1,-6358.04417477535,-6368.38717967222
800,8,4,6,2,-6376.42558911232,-6383.89188572752
800,8,4,6,3,-6350.46295707792,-6353.33693284589
800,8,4,6,4,-6455.087086356,-6391.69915848603
800,8,4,6,5,-6473.04377035802,-6456.08404573905
800,8,5,6,1,-6461.95375748911,-6481.10430405769
800,8,5,6,2,-6439.34809549014,-6450.7935557628
800,8,5,6,3,-6462.0380550311,-6484.01919121509
800,8,5,6,4,-6398.34251791097,-6414.23128235108
800,8,5,6,5,-6348.1908081499,-6357.56846151798
400,9,1,6,1,-3316.05525972688,-3345.10391228332
400,9,1,6,2,-3316.85849364354,-3341.2151129962
400,9,1,6,3,-3277.29832201606,-3307.42262687998
400,9,1,6,4,-3338.89377281789,-3368.63017836845
400,9,1,6,5,-3289.99351435958,-3317.86624467405
400,9,2,6,1,-3319.06049277022,-3346.17854377636
400,9,2,6,2,-3337.8087417703,-3352.19725066565
400,9,2,6,3,-3320.31421230063,-3345.66535137493
400,9,2,6,4,-3329.6393961836,-3350.60207689262
400,9,2,6,5,-3303.97616202649,-3325.69262866616
400,9,3,6,1,-3213.62271645129,-3240.82288142888
400,9,3,6,2,-3290.82335864982,-3321.39791395831
400,9,3,6,3,-3258.32402303406,-3278.13130745579
400,9,3,6,4,-3359.76338329229,-3397.66004946838
400,9,3,6,5,-3268.42563030089,-3304.10369363406
400,9,4,6,1,-3218.20729360175,-3236.62195563934
400,9,4,6,2,-3283.27207031323,-3316.92351987439
400,9,4,6,3,-3244.35392398628,-3268.30030691371
400,9,4,6,4,-3252.3005110594,-3272.7316528755
400,9,4,6,5,-3303.12106255302,-3307.54374874628
400,9,5,6,1,-3305.09270601859,-3334.63727582895
400,9,5,6,2,-3338.26207048648,-3367.30758834038
400,9,5,6,3,-3339.97849101927,-3357.25833194622
400,9,5,6,4,-3354.12398300585,-3385.05916929687
400,9,5,6,5,-3310.42252588322,-3340.34809448811
800,9,1,6,1,-6579.81921743675,-6605.16169766678
800,9,1,6,2,-6619.87771113316,-6642.79002353182
800,9,1,6,3,-6544.28330634552,-6567.36614257253
800,9,1,6,4,-6615.29445181414,-6625.39004165472
800,9,1,6,5,-6575.8630288068,-6595.27595749792
800,9,2,6,1,-6485.6133750015,-6509.40289819984
800,9,2,6,2,-6535.77792839449,-6559.01930208702
800,9,2,6,3,-6628.29915068571,-6655.33342981472
800,9,2,6,4,-6552.87283898914,-6578.83566615578
800,9,2,6,5,-6593.51178587098,-6588.35325939249
800,9,3,6,1,-6595.59358172468,-6621.80199451579
800,9,3,6,2,-6577.99325039344,-6600.02006966523
800,9,3,6,3,-6563.19201505261,-6571.92864098048
800,9,3,6,4,-6566.45652217458,-6596.87312081457
800,9,3,6,5,-6481.6124852834,-6507.80978016415
800,9,4,6,1,-6439.65933272563,-6464.65702620778
800,9,4,6,2,-6476.900679248,-6503.48605793276
800,9,4,6,3,-6526.19882313895,-6554.36311975198
800,9,4,6,4,-6478.13413442404,-6504.60443956576
800,9,4,6,5,-6514.75562521195,-6544.57118530946
800,9,5,6,1,-6533.48193375081,-6557.3979266932
800,9,5,6,2,-6545.99835428055,-6559.61509850416
800,9,5,6,3,-6582.43299250468,-6593.83342707301
800,9,5,6,4,-6580.93634566444,-6607.27802339404
800,9,5,6,5,-6532.12153525276,-6557.30732404916
400,10,1,6,1,-3308.4429907063,-3289.1390097876
400,10,1,6,2,-3294.08312193797,-3304.02769943869
400,10,1,6,3,-3279.50600425542,-3289.94438530717
400,10,1,6,4,-3280.86599834727,-3293.19648831089
400,10,1,6,5,-3349.10214833771,-3343.18782438922
400,10,2,6,1,-3363.14472444162,-3339.70013779601
400,10,2,6,2,-3370.43101527654,-3357.27066585821
400,10,2,6,3,-3357.89371822804,-3347.35818442516
400,10,2,6,4,-3322.242831863,-3308.53041216015
400,10,2,6,5,-3370.07779398798,-3335.52791192705
400,10,3,6,1,-3347.89115307889,-3347.03068645382
400,10,3,6,2,-3256.23254192621,-3272.51308179484
400,10,3,6,3,-3347.02950967148,-3364.56287677915
400,10,3,6,4,-3283.05267985974,-3302.62894401853
400,10,3,6,5,-3313.85027213327,-3328.14264722918
400,10,4,6,1,-3275.7833678819,-3301.47155389903
400,10,4,6,2,-3271.65988443812,-3300.77727422004
400,10,4,6,3,-3259.67933985623,-3285.69102738901
400,10,4,6,4,-3265.88760603635,-3294.1489656484
400,10,4,6,5,-3292.30197557434,-3321.3997176429
400,10,5,6,1,-3310.79465222759,-3324.69075099718
400,10,5,6,2,-3341.41917366407,-3352.2769181331
400,10,5,6,3,-3375.18672888525,-3393.39112985328
400,10,5,6,4,-3314.44858572973,-3325.7859955967
400,10,5,6,5,-3270.18416560794,-3294.58898711553
800,10,1,6,1,-6559.63166302532,-6552.49527404153
800,10,1,6,2,-6577.89022168868,-6579.23191634151
800,10,1,6,3,-6467.11775853368,-6475.72316199009
800,10,1,6,4,-6675.00220569104,-6669.07402763282
800,10,1,6,5,-6585.98820796772,-6595.66238203798
800,10,2,6,1,-6521.21227353887,-6536.38902609085
800,10,2,6,2,-6542.29723229618,-6558.61765459745
800,10,2,6,3,-6577.87768336323,-6570.81677104013
800,10,2,6,4,-6519.11592563445,-6538.54151954978
800,10,2,6,5,-6555.34499994942,-6572.58611961623
800,10,3,6,1,-6468.85917148715,-6493.44973460998
800,10,3,6,2,-6470.1664170919,-6491.84986318803
800,10,3,6,3,-6513.69918773181,-6543.49130197959
800,10,3,6,4,-6484.21308995695,-6494.76634414518
800,10,3,6,5,-6526.21529418416,-6547.05941431356
800,10,4,6,1,-6575.77169340231,-6598.30829345859
800,10,4,6,2,-6474.60730127213,-6496.7665621953
800,10,4,6,3,-6506.10479057526,-6521.4686076262
800,10,4,6,4,-6492.73983130585,-6512.5022989302
800,10,4,6,5,-6628.93566640159,-6647.55686152561
800,10,5,6,1,-6521.24278167578,-6539.29431960544
800,10,5,6,2,-6571.49009209089,-6575.06723776217
800,10,5,6,3,-6489.96698601333,-6514.04679798407
800,10,5,6,4,-6479.13426392596,-6499.86438529634
800,10,5,6,5,-6514.53541978618,-6535.27812367214
400,11,1,6,1,-3394.97806177807,-3388.91558182145
400,11,1,6,2,-3333.91143010993,-3329.81643767685
400,11,1,6,3,-3262.13450046698,-3278.36931017418
400,11,1,6,4,-3343.12237694245,-3350.95215447924
400,11,1,6,5,-3276.7143324523,-3297.1090030558
400,11,2,6,1,-3254.68997428594,-3261.14145860073
400,11,2,6,2,-3239.9803320941,-3256.34387498086
400,11,2,6,3,-3255.93153776972,-3272.34938339189
400,11,2,6,4,-3202.89153439423,-3206.88256580825
400,11,2,6,5,-3228.39366588717,-3239.09509277047
400,11,3,6,1,-3329.21388658034,-3316.18640065228
400,11,3,6,2,-3312.01783398892,-3294.35198358257
400,11,3,6,3,-3291.10365787991,-3272.7406805115
400,11,3,6,4,-3261.2419112728,-3249.66753194526
400,11,3,6,5,-3334.42854522207,-3321.02217520359
400,11,4,6,1,-3242.27836830556,-3242.22424325813
400,11,4,6,2,-3219.28722738871,-3217.3849026472
400,11,4,6,3,-3273.70351364514,-3283.72867394295
400,11,4,6,4,-3232.57567992844,-3252.25904375679
400,11,4,6,5,-3249.9363098389,-3267.77764424405
400,11,5,6,1,-3385.82513670339,-3381.034293861
400,11,5,6,2,-3301.4518560661,-3303.56678521713
400,11,5,6,3,-3291.42606516569,-3304.53062877612
400,11,5,6,4,-3235.22236373195,-3234.15949907887
400,11,5,6,5,-3271.2517860366,-3286.44595614343
800,11,1,6,1,-6535.32810611348,-6522.66969973902
800,11,1,6,2,-6533.42920681812,-6542.95186055006
800,11,1,6,3,-6460.63990023756,-6470.79238586252
800,11,1,6,4,-6414.6793077625,-6425.19306340648
800,11,1,6,5,-6365.82509726431,-6366.37975828858
800,11,2,6,1,-6559.97998344777,-6562.56447163748
800,11,2,6,2,-6485.77654479844,-6497.81348329943
800,11,2,6,3,-6549.49504012524,-6531.56574290889
800,11,2,6,4,-6558.08328558859,-6557.99774703244
800,11,2,6,5,-6512.82656966291,-6524.45526492436
800,11,3,6,1,-6503.07573520197,-6503.49446636499
800,11,3,6,2,-6549.87603324909,-6553.02158486294
800,11,3,6,3,-6535.61702129138,-6526.60446433144
800,11,3,6,4,-6538.33954788199,-6546.3881925217
800,11,3,6,5,-6461.28535073643,-6448.43118348599
800,11,4,6,1,-6385.18181049433,-6351.28696965772
800,11,4,6,2,-6483.62799445002,-6498.52366518148
800,11,4,6,3,-6534.08009776187,-6534.19384046542
800,11,4,6,4,-6420.82496454731,-6440.53187497267
800,11,4,6,5,-6472.73455581131,-6484.71264801822
800,11,5,6,1,-6594.83204045579,-6607.42611598962
800,11,5,6,2,-6471.25638099485,-6478.356007085
800,11,5,6,3,-6466.72356840978,-6471.80281277022
800,11,5,6,4,-6498.02539419629,-6516.27396684129
800,11,5,6,5,-6414.27003425079,-6422.41592819891
400,12,1,6,1,-3426.64435471211,-3438.67095794281
400,12,1,6,2,-3430.9185238524,-3457.13245103783
400,12,1,6,3,-3378.15921345567,-3395.77250973686
400,12,1,6,4,-3398.13084440644,-3416.96666234112
400,12,1,6,5,-3403.28111472874,-3433.61640572561
400,12,2,6,1,-3400.67453483611,-3423.57440003024
400,12,2,6,2,-3444.55995341109,-3468.18296815198
400,12,2,6,3,-3489.48975233562,-3496.74001722451
400,12,2,6,4,-3431.23171406774,-3457.96769128744
400,12,2,6,5,-3440.01970606586,-3461.66154297037
400,12,3,6,1,-3464.04558120245,-3475.60019927145
400,12,3,6,2,-3369.41101367759,-3405.20477408532
400,12,3,6,3,-3384.37647842407,-3409.87573336028
400,12,3,6,4,-3416.54429085535,-3443.43403027179
400,12,3,6,5,-3460.32833500593,-3486.94526467779
400,12,4,6,1,-3403.8764714694,-3438.36556126861
400,12,4,6,2,-3414.90702044023,-3443.61986611933
400,12,4,6,3,-3417.64025505275,-3445.07030663145
400,12,4,6,4,-3390.6748382391,-3423.35333797867
400,12,4,6,5,-3444.80190296958,-3461.19306104302
400,12,5,6,1,-3393.49214184501,-3419.76944945327
400,12,5,6,2,-3408.68313489432,-3424.12035025567
400,12,5,6,3,-3366.77145398323,-3382.34906253428
400,12,5,6,4,-3407.48662890244,-3430.34910371555
400,12,5,6,5,-3434.15768403478,-3452.4105356865
800,12,1,6,1,-6693.09179157193,-6721.81775354634
800,12,1,6,2,-6769.72436267878,-6792.97946501267
800,12,1,6,3,-6783.23231238978,-6808.10441157538
800,12,1,6,4,-6753.75451733908,-6780.78602644271
800,12,1,6,5,-6717.85375854033,-6735.04014417545
800,12,2,6,1,-6841.42296476636,-6872.34476279864
800,12,2,6,2,-6791.43349896024,-6789.71210969466
800,12,2,6,3,-6821.62729226458,-6850.86774854719
800,12,2,6,4,-6851.93592947952,-6874.48662222772
800,12,2,6,5,-6832.55091147754,-6863.66722100635
800,12,3,6,1,-6888.86098937074,-6890.97253906256
800,12,3,6,2,-6863.35262597368,-6888.742258625
800,12,3,6,3,-6889.29920202035,-6909.44638885373
800,12,3,6,4,-6846.1941737578,-6872.32797002818
800,12,3,6,5,-6769.86604807342,-6795.16376803381
800,12,4,6,1,-6850.94874573385,-6877.12409571137
800,12,4,6,2,-6780.55387680888,-6802.63627634678
800,12,4,6,3,-6827.10474921859,-6832.57745942788
800,12,4,6,4,-6827.20314910692,-6850.61981869206
800,12,4,6,5,-6812.2137079763,-6836.10114997359
800,12,5,6,1,-6705.75149999147,-6726.37163244213
800,12,5,6,2,-6831.00557490124,-6846.48640783009
800,12,5,6,3,-6855.99313187544,-6873.39458896652
800,12,5,6,4,-6755.73966003317,-6772.8826034663
800,12,5,6,5,-6803.55485111241,-6827.16695938265
400,13,1,6,1,-3266.37063223572,-3282.42066620968
400,13,1,6,2,-3194.38147379306,-3215.34435486791
400,13,1,6,3,-3285.67982515102,-3307.42828392141
400,13,1,6,4,-3245.93392949109,-3273.12677894729
400,13,1,6,5,-3254.11607627218,-3253.84597148639
400,13,2,6,1,-3350.71746752143,-3353.80304335375
400,13,2,6,2,-3314.65997523482,-3320.67992154479
400,13,2,6,3,-3338.43403121785,-3345.4444396828
400,13,2,6,4,-3368.65679367074,-3366.3267325407
400,13,2,6,5,-3356.72983760503,-3357.9625212649
400,13,3,6,1,-3362.42210260491,-3339.13692765235
400,13,3,6,2,-3282.77033681762,-3270.24211636271
400,13,3,6,3,-3278.49046240942,-3283.94407404335
400,13,3,6,4,-3325.61841805136,-3318.67559957277
400,13,3,6,5,-3274.74529356284,-3275.06790955452
400,13,4,6,1,-3228.12288305951,-3246.6708577359
400,13,4,6,2,-3292.99783816034,-3315.47562046905
400,13,4,6,3,-3322.2780593265,-3301.99096191132
400,13,4,6,4,-3249.92567273716,-3262.37766657657
400,13,4,6,5,-3229.44231852531,-3237.37197961782
400,13,5,6,1,-3336.3724966205,-3354.12901225825
400,13,5,6,2,-3313.77987148431,-3337.07441672294
400,13,5,6,3,-3267.20006324731,-3249.53577023508
400,13,5,6,4,-3234.19853542908,-3258.47072153416
400,13,5,6,5,-3207.67027497305,-3230.74035489804
800,13,1,6,1,-6475.29105444462,-6491.20373054127
800,13,1,6,2,-6404.2514916462,-6425.66912403782
800,13,1,6,3,-6397.16689541468,-6415.78905539777
800,13,1,6,4,-6363.28524151896,-6386.67253952259
800,13,1,6,5,-6483.50330120785,-6497.98618226047
800,13,2,6,1,-6503.32269186427,-6513.5561951639
800,13,2,6,2,-6519.004166879,-6531.09161479907
800,13,2,6,3,-6572.77837770416,-6585.37152666208
800,13,2,6,4,-6515.82229347422,-6526.44970287876
800,13,2,6,5,-6464.72617614647,-6467.74511855321
800,13,3,6,1,-6516.70839463786,-6467.71588732834
800,13,3,6,2,-6495.79588558284,-6512.76642921307
800,13,3,6,3,-6445.27014132962,-6464.29925030757
800,13,3,6,4,-6470.9177746734,-6473.65711262115
800,13,3,6,5,-6555.30700856912,-6567.49251095309
800,13,4,6,1,-6380.72542865116,-6386.38334864556
800,13,4,6,2,-6516.98952745441,-6524.07426710528
800,13,4,6,3,-6382.69278642766,-6390.11219050879
800,13,4,6,4,-6447.86676247835,-6462.53226235837
800,13,4,6,5,-6420.80084389713,-6426.49717959711
800,13,5,6,1,-6522.58045666219,-6542.20155965772
800,13,5,6,2,-6551.39758723196,-6565.75685038749
800,13,5,6,3,-6530.80351294871,-6555.52254292529
800,13,5,6,4,-6469.93113466864,-6494.16915701878
800,13,5,6,5,-6505.41072420172,-6522.80206164603
400,14,1,6,1,-3276.81697062475,-3306.83478274189
400,14,1,6,2,-3350.79713499795,-3387.30529256544
400,14,1,6,3,-3283.41403611495,-3311.96920737439
400,14,1,6,4,-3325.33978297855,-3351.5839466886
400,14,1,6,5,-3310.257579609,-3330.02890512652
400,14,2,6,1,-3345.35161937363,-3374.28219898283
400,14,2,6,2,-3278.05819999964,-3312.16817068592
400,14,2,6,3,-3322.12310226806,-3356.25861284887
400,14,2,6,4,-3314.61529444526,-3340.7397981053
400,14,2,6,5,-3348.17911229476,-3378.29865208858
400,14,3,6,1,-3287.07963230023,-3320.05653605572
400,14,3,6,2,-3288.39627977422,-3321.89059765708
400,14,3,6,3,-3277.0391880078,-3306.68228216643
400,14,3,6,4,-3278.28176836169,-3291.13332256273
400,14,3,6,5,-3283.13379762044,-3311.7083985699
400,14,4,6,1,-3282.54292303969,-3313.52656620811
400,14,4,6,2,-3269.82713583795,-3294.15859313646
400,14,4,6,3,-3306.91019759701,-3323.36556392402
400,14,4,6,4,-3311.57182406915,-3317.8280833522
400,14,4,6,5,-3303.90954692511,-3316.3609336491
400,14,5,6,1,-3304.43980103756,-3333.28587471923
400,14,5,6,2,-3290.13963608113,-3324.27297500603
400,14,5,6,3,-3300.45536806835,-3336.11715089368
400,14,5,6,4,-3281.1996760213,-3308.63571700651
400,14,5,6,5,-3254.87069847424,-3275.38690092957
800,14,1,6,1,-6488.73527355559,-6520.00713020845
800,14,1,6,2,-6566.28704738353,-6575.04446307142
800,14,1,6,3,-6579.88111941744,-6606.47060136521
800,14,1,6,4,-6695.26424391042,-6606.570821844
800,14,1,6,5,-6636.13715492176,-6649.49592082887
800,14,2,6,1,-6531.16845961561,-6563.39154363311
800,14,2,6,2,-6666.93148691453,-6571.44720479423
800,14,2,6,3,-6585.25242797865,-6596.9293148778
800,14,2,6,4,-6583.79538156701,-6615.772255673
800,14,2,6,5,-6533.12116423038,-6560.98162583145
800,14,3,6,1,-6507.31610229324,-6537.47252665528
800,14,3,6,2,-6527.89726175857,-6553.20122044959
800,14,3,6,3,-6529.7836169533,-6556.67818788737
800,14,3,6,4,-6501.36340850977,-6526.82763600015
800,14,3,6,5,-6488.38767756873,-6502.2025708016
800,14,4,6,1,-6581.58190493345,-6580.03322998264
800,14,4,6,2,-6456.3771565041,-6469.75155800289
800,14,4,6,3,-6494.23568381179,-6498.2794310298
800,14,4,6,4,-6505.72387661747,-6535.77463122833
800,14,4,6,5,-6507.91293223643,-6531.11486381627
800,14,5,6,1,-6588.92183073575,-6618.81583510207
800,14,5,6,2,-6662.89770675345,-6670.41331662119
800,14,5,6,3,-6512.98146676289,-6544.31364015748
800,14,5,6,4,-6579.79602037691,-6545.7142750839
800,14,5,6,5,-6593.91350871791,-6625.66952512307
400,15,1,6,1,-3232.17852913867,-3251.08518458417
400,15,1,6,2,-3285.99438100486,-3308.44021252654
400,15,1,6,3,-3205.07578776472,-3215.98831483351
400,15,1,6,4,-3201.66386633355,-3218.923253559
400,15,1,6,5,-3236.99554359703,-3253.12643970954
400,15,2,6,1,-3208.76393673451,-3227.82574497672
400,15,2,6,2,-3148.44033291068,-3167.32364766
400,15,2,6,3,-3213.90198077919,-3225.74378328712
400,15,2,6,4,-3160.3591555104,-3172.12383659323
400,15,2,6,5,-3159.92229821896,-3174.20001095935
400,15,3,6,1,-3218.78824269295,-3218.22846195392
400,15,3,6,2,-3227.51434160483,-3243.58844254733
400,15,3,6,3,-3234.03072322489,-3235.53701166039
400,15,3,6,4,-3254.10047098177,-3278.40317861782
400,15,3,6,5,-3214.2532059794,-3231.41373637686
400,15,4,6,1,-3136.69642495028,-3147.90005724997
400,15,4,6,2,-3216.956628188,-3219.9679026987
400,15,4,6,3,-3221.97148240416,-3239.88020393154
400,15,4,6,4,-3218.57453256575,-3230.62341086862
400,15,4,6,5,-3223.14063981649,-3240.97739289743
400,15,5,6,1,-3170.98305564192,-3179.78850245924
400,15,5,6,2,-3245.82622300932,-3257.00525017697
400,15,5,6,3,-3258.48147614077,-3263.42540703497
400,15,5,6,4,-3205.14232123465,-3208.49982577402
400,15,5,6,5,-3229.26643092901,-3246.38142301951
800,15,1,6,1,-6455.61322168276,-6453.23910422802
800,15,1,6,2,-6309.24670838351,-6324.63668117065
800,15,1,6,3,-6390.78775133128,-6402.79431486945
800,15,1,6,4,-6442.04957870906,-6449.94177907251
800,15,1,6,5,-6371.8132068451,-6384.14290851989
800,15,2,6,1,-6357.31831832406,-6364.68671943309
800,15,2,6,2,-6398.38243299885,-6400.24848522426
800,15,2,6,3,-6477.48776592776,-6484.20781342833
800,15,2,6,4,-6402.72738615048,-6408.39698683119
800,15,2,6,5,-6450.29240144629,-6453.06977668888
800,15,3,6,1,-6358.94905077116,-6375.60239476369
800,15,3,6,2,-6330.86593720466,-6347.24257949659
800,15,3,6,3,-6397.79844731738,-6413.24447544551
800,15,3,6,4,-6473.60668489541,-6480.92577042937
800,15,3,6,5,-6396.43291043738,-6382.72755397055
800,15,4,6,1,-6317.0480440836,-6324.78406838563
800,15,4,6,2,-6338.61486827419,-6333.72322001686
800,15,4,6,3,-6346.4148156302,-6359.28415533534
800,15,4,6,4,-6361.59829947965,-6358.42172781192
800,15,4,6,5,-6355.64322307743,-6351.10749874076
800,15,5,6,1,-6383.09708935606,-6392.01127160261
800,15,5,6,2,-6431.46932502398,-6443.63436049333
800,15,5,6,3,-6385.65644292296,-6397.81213991342
800,15,5,6,4,-6308.9891022852,-6313.06910334365
800,15,5,6,5,-6336.57324658407,-6342.32098111083
400,16,1,6,1,-3386.50972283427,-3412.05825035957
400,16,1,6,2,-3401.28122053215,-3420.13787190737
400,16,1,6,3,-3390.16950566173,-3405.71734036262
400,16,1,6,4,-3357.81434080466,-3387.61688782834
400,16,1,6,5,-3351.8461213161,-3380.2443023104
400,16,2,6,1,-3395.79391737016,-3425.76547012495
400,16,2,6,2,-3339.37899798845,-3361.70899397308
400,16,2,6,3,-3366.53877361577,-3379.91766412187
400,16,2,6,4,-3297.85739636935,-3316.50989869798
400,16,2,6,5,-3323.13571010568,-3335.13564730143
400,16,3,6,1,-3359.54075824152,-3383.82274139188
400,16,3,6,2,-3276.21889040184,-3301.17939041297
400,16,3,6,3,-3360.02173042081,-3385.6912458493
400,16,3,6,4,-3323.96281277563,-3346.13178319549
400,16,3,6,5,-3334.36949699357,-3352.68733609023
400,16,4,6,1,-3310.61900029158,-3333.30076463539
400,16,4,6,2,-3270.15919492108,-3287.81566340831
400,16,4,6,3,-3379.44049513314,-3405.62680906777
400,16,4,6,4,-3322.77471312744,-3346.91501906703
400,16,4,6,5,-3308.4458497913,-3330.41984633268
400,16,5,6,1,-3345.47586149814,-3373.04219261971
400,16,5,6,2,-3341.04234436462,-3353.61040682926
400,16,5,6,3,-3350.14345027062,-3369.06310585578
400,16,5,6,4,-3395.58204317013,-3401.58099695732
400,16,5,6,5,-3338.26002518597,-3360.69070924443
800,16,1,6,1,-6638.34792581334,-6664.49290206515
800,16,1,6,2,-6728.83832529125,-6759.61596914279
800,16,1,6,3,-6622.32283703603,-6628.14377253773
800,16,1,6,4,-6678.23256068525,-6702.13678110694
800,16,1,6,5,-6594.87011333155,-6621.88873481937
800,16,2,6,1,-6729.05235164099,-6750.03932445665
800,16,2,6,2,-6600.13602777595,-6615.34066573632
800,16,2,6,3,-6664.67984985862,-6683.65397748834
800,16,2,6,4,-6651.01400108313,-6674.35317368342
800,16,2,6,5,-6563.92933547555,-6583.28271987656
800,16,3,6,1,-6603.12765749845,-6624.88806706605
800,16,3,6,2,-6681.47787451537,-6700.24326955361
800,16,3,6,3,-6666.84154921647,-6690.13857295576
800,16,3,6,4,-6735.28515550801,-6762.74529731736
800,16,3,6,5,-6653.72776519801,-6673.60084706434
800,16,4,6,1,-6659.04435248736,-6673.65447302397
800,16,4,6,2,-6665.06583702661,-6670.66445388705
800,16,4,6,3,-6590.97602997047,-6610.01891133399
800,16,4,6,4,-6592.31828133968,-6609.25435623578
800,16,4,6,5,-6658.46617447666,-6677.41801538349
800,16,5,6,1,-6681.7090339565,-6705.77080967167
800,16,5,6,2,-6626.29830395586,-6649.3562434455
800,16,5,6,3,-6713.66419628294,-6734.44455393388
800,16,5,6,4,-6616.22769094326,-6637.78383129853
800,16,5,6,5,-6723.21990962892,-6724.81210926832
400,17,1,6,1,-3240.9523483045,-3261.01293739751
400,17,1,6,2,-3341.36047904402,-3344.6556904596
400,17,1,6,3,-3282.91666942163,-3304.34601859244
400,17,1,6,4,-3241.44739277476,-3241.84876374063
400,17,1,6,5,-3316.66919720677,-3329.3293583097
400,17,2,6,1,-3379.24409124668,-3389.99169032182
400,17,2,6,2,-3285.36713744285,-3297.71424952375
400,17,2,6,3,-3314.78168036528,-3330.45893100153
400,17,2,6,4,-3314.19172593067,-3323.22529205791
400,17,2,6,5,-3372.38304281859,-3387.33684205636
400,17,3,6,1,-3253.02654953815,-3256.01576657748
400,17,3,6,2,-3279.89972532976,-3300.12932649873
400,17,3,6,3,-3253.72454920744,-3273.0555994394
400,17,3,6,4,-3263.64660459498,-3284.33827774482
400,17,3,6,5,-3274.71050513939,-3293.7734266469
400,17,4,6,1,-3237.05719002087,-3249.57966150594
400,17,4,6,2,-3306.35400464145,-3299.23462717049
400,17,4,6,3,-3276.79127189929,-3278.60002697556
400,17,4,6,4,-3250.43937384607,-3244.74226160254
400,17,4,6,5,-3269.73469825895,-3276.85560961043
400,17,5,6,1,-3300.63739176725,-3311.93545390768
400,17,5,6,2,-3283.55850021601,-3274.66765184957
400,17,5,6,3,-3268.87234079869,-3279.42515513303
400,17,5,6,4,-3269.3660189329,-3277.09094877275
400,17,5,6,5,-3245.01428398068,-3252.38399045908
800,17,1,6,1,-6475.479219145,-6494.78889716535
800,17,1,6,2,-6500.44346189454,-6520.00428575024
800,17,1,6,3,-6437.33159784851,-6462.70794781678
800,17,1,6,4,-6476.27369914036,-6492.23598631062
800,17,1,6,5,-6375.548306469,-6388.45182132349
800,17,2,6,1,-6577.27614289635,-6587.52928907134
800,17,2,6,2,-6473.23678288267,-6481.02261868526
800,17,2,6,3,-6497.47898254233,-6510.12595488146
800,17,2,6,4,-6455.18355703765,-6472.42888275649
800,17,2,6,5,-6534.35970000707,-6550.95312533552
800,17,3,6,1,-6455.94182811456,-6471.78178523851
800,17,3,6,2,-6483.23511339022,-6496.74650678878
800,17,3,6,3,-6477.31152069515,-6500.06775470143
800,17,3,6,4,-6404.39938129472,-6427.82053149884
800,17,3,6,5,-6412.45130064287,-6427.06528532046
800,17,4,6,1,-6479.47582330502,-6484.14464316065
800,17,4,6,2,-6499.59153666621,-6519.37411234425
800,17,4,6,3,-6478.04860233107,-6477.76435410895
800,17,4,6,4,-6563.81214666554,-6580.55554393459
800,17,4,6,5,-6537.89469302283,-6500.56911290356
800,17,5,6,1,-6536.10255747448,-6553.74010830549
800,17,5,6,2,-6486.15430085016,-6465.02327859775
800,17,5,6,3,-6580.71439501555,-6594.46367492569
800,17,5,6,4,-6394.60775445411,-6400.64167305622
800,17,5,6,5,-6473.20360422289,-6482.39627841329
400,18,1,6,1,-3145.59512380319,-3157.49836955716
400,18,1,6,2,-3204.69858423484,-3215.03494142186
400,18,1,6,3,-3128.08433921484,-3150.00769141775
400,18,1,6,4,-3166.87404961357,-3193.27901569031
400,18,1,6,5,-3172.22250278569,-3198.36237538142
400,18,2,6,1,-3199.25165093405,-3229.50333467269
400,18,2,6,2,-3150.4903440147,-3177.67971660747
400,18,2,6,3,-3172.48817640955,-3197.23964425619
400,18,2,6,4,-3167.23638703771,-3197.89012958257
400,18,2,6,5,-3229.85227659037,-3232.38333306369
400,18,3,6,1,-3130.9767862469,-3160.49488627201
400,18,3,6,2,-3151.24748897297,-3178.17838238136
400,18,3,6,3,-3124.29411089907,-3145.47071660895
400,18,3,6,4,-3174.51252554946,-3185.6300657186
400,18,3,6,5,-3151.47524111675,-3182.65763907203
400,18,4,6,1,-3185.60724202696,-3209.23019920024
400,18,4,6,2,-3119.11971367675,-3129.54615124969
400,18,4,6,3,-3155.59071009438,-3185.88731237409
400,18,4,6,4,-3191.71148679691,-3220.44155005455
400,18,4,6,5,-3155.21445345309,-3186.4568950629
400,18,5,6,1,-3193.21830907742,-3214.23430024199
400,18,5,6,2,-3162.99344349846,-3148.47662312702
400,18,5,6,3,-3172.78673283084,-3193.75145417131
400,18,5,6,4,-3118.06202678709,-3146.26903536551
400,18,5,6,5,-3171.97083716552,-3196.80562716045
800,18,1,6,1,-6252.74674905698,-6279.22389469903
800,18,1,6,2,-6306.79426894414,-6311.31931339661
800,18,1,6,3,-6351.78043049323,-6353.69841963931
800,18,1,6,4,-6405.60362860541,-6429.24568164974
800,18,1,6,5,-6374.28546003563,-6356.50814543513
800,18,2,6,1,-6342.04743632074,-6360.89600313927
800,18,2,6,2,-6378.55332647965,-6401.46358650271
800,18,2,6,3,-6261.86147037307,-6285.40760994459
800,18,2,6,4,-6330.06575135971,-6353.00168651653
800,18,2,6,5,-6374.87774683646,-6292.54883088527
800,18,3,6,1,-6249.88115359202,-6277.15048591538
800,18,3,6,2,-6230.62986996017,-6257.772460459
800,18,3,6,3,-6190.14098508939,-6215.71552792427
800,18,3,6,4,-6260.87228135843,-6265.49041830897
800,18,3,6,5,-6252.57262901675,-6275.71941468418
800,18,4,6,1,-6345.72667119357,-6274.19386119145
800,18,4,6,2,-6240.58626485157,-6247.10510748549
800,18,4,6,3,-6339.47809659935,-6364.19255974505
800,18,4,6,4,-6236.45479392363,-6258.78123229154
800,18,4,6,5,-6250.24548291577,-6276.42260667854
800,18,5,6,1,-6222.66660237794,-6242.64611145833
800,18,5,6,2,-6358.92365306392,-6367.00182616986
800,18,5,6,3,-6237.67957756398,-6266.80935715666
800,18,5,6,4,-6291.44883147668,-6226.50091146192
800,18,5,6,5,-6275.85716987286,-6265.89180106816
400,19,1,6,1,-3344.30129508569,-3349.52471410463
400,19,1,6,2,-3308.5586931095,-3323.12766142203
400,19,1,6,3,-3281.44839466932,-3284.55142449929
400,19,1,6,4,-3278.21917633269,-3289.22924178225
400,19,1,6,5,-3300.24273441499,-3306.12187529005
400,19,2,6,1,-3357.97524284745,-3353.0058825861
400,19,2,6,2,-3282.04490443764,-3286.46311102326
400,19,2,6,3,-3333.96956445821,-3333.42423566398
400,19,2,6,4,-3287.47369438599,-3288.56470122467
400,19,2,6,5,-3349.86011849367,-3355.60064723401
400,19,3,6,1,-3310.62600444622,-3323.60611208999
400,19,3,6,2,-3344.7141071172,-3354.92825890676
400,19,3,6,3,-3239.62200000607,-3255.66624205212
400,19,3,6,4,-3314.66917230673,-3322.21683354688
400,19,3,6,5,-3264.59268566151,-3277.53725402334
400,19,4,6,1,-3304.56284532236,-3326.32654437072
400,19,4,6,2,-3278.84876821494,-3295.10063018409
400,19,4,6,3,-3324.90636049475,-3345.22647464618
400,19,4,6,4,-3311.19961746885,-3335.37636223743
400,19,4,6,5,-3265.30002294856,-3289.73804764105
400,19,5,6,1,-3319.81028890018,-3340.1306929621
400,19,5,6,2,-3293.31551654418,-3319.23530477989
400,19,5,6,3,-3243.66621252041,-3261.11366216131
400,19,5,6,4,-3313.79998676804,-3322.6739322005
400,19,5,6,5,-3341.05682924593,-3354.52006993714
800,19,1,6,1,-6542.21577210706,-6550.11478650647
800,19,1,6,2,-6585.54737471853,-6597.18766744091
800,19,1,6,3,-6462.71623328842,-6464.19710631714
800,19,1,6,4,-6545.28385472597,-6548.8225868914
800,19,1,6,5,-6524.44914075564,-6534.72777910055
800,19,2,6,1,-6691.05791126966,-6701.86962284808
800,19,2,6,2,-6665.17877926685,-6654.26370667082
800,19,2,6,3,-6576.5403844605,-6589.19203092379
800,19,2,6,4,-6580.01099400576,-6554.54909322862
800,19,2,6,5,-6629.52866584208,-6642.40735311908
800,19,3,6,1,-6480.19916752238,-6495.17097917792
800,19,3,6,2,-6451.42393474801,-6470.82197082088
800,19,3,6,3,-6515.68776318229,-6533.27593084074
800,19,3,6,4,-6501.85262905067,-6515.96950933579
800,19,3,6,5,-6509.91300698755,-6528.63177296584
800,19,4,6,1,-6527.42096274196,-6534.31268230836
800,19,4,6,2,-6562.95267297483,-6570.82371973776
800,19,4,6,3,-6528.56769189055,-6543.24794811313
800,19,4,6,4,-6527.35197142487,-6541.64222799484
800,19,4,6,5,-6541.42968744637,-6544.23418372502
800,19,5,6,1,-6542.72375627076,-6556.39564832591
800,19,5,6,2,-6603.6341871948,-6621.2220145939
800,19,5,6,3,-6561.06099248728,-6579.5431419087
800,19,5,6,4,-6593.71292178853,-6606.37417827086
800,19,5,6,5,-6577.15111117449,-6589.28420082209
400,20,1,6,1,-3263.99115227832,-3285.55507939937
400,20,1,6,2,-3192.54937032845,-3203.02327000731
400,20,1,6,3,-3174.41850139379,-3186.52942978912
400,20,1,6,4,-3270.1647695712,-3279.24173793475
400,20,1,6,5,-3178.71287560529,-3189.68188929935
400,20,2,6,1,-3211.48794117938,-3218.11262070259
400,20,2,6,2,-3227.48890532671,-3238.21193171613
400,20,2,6,3,-3230.62168608845,-3242.83122116123
400,20,2,6,4,-3265.49535633261,-3279.77231155299
400,20,2,6,5,-3258.23239403112,-3271.36535225448
400,20,3,6,1,-3228.76957372164,-3255.30997355698
400,20,3,6,2,-3261.00699382277,-3272.35343688793
400,20,3,6,3,-3246.67405900004,-3268.35085814668
400,20,3,6,4,-3243.79571187408,-3257.37356681679
400,20,3,6,5,-3229.48373921539,-3244.40174105624
400,20,4,6,1,-3215.43912849111,-3232.02616177132
400,20,4,6,2,-3157.41840333544,-3177.07340520594
400,20,4,6,3,-3242.59111934359,-3264.36886296814
400,20,4,6,4,-3171.84095306083,-3175.82402779876
400,20,4,6,5,-3186.20930790898,-3201.49356707717
400,20,5,6,1,-3224.82851885021,-3231.56898863983
400,20,5,6,2,-3191.29606014823,-3202.84974913664
400,20,5,6,3,-3210.59628245086,-3215.69142489754
400,20,5,6,4,-3215.70618402633,-3218.03585490391
400,20,5,6,5,-3197.9620535522,-3197.42630673322
800,20,1,6,1,-6297.56884798851,-6303.7302056677
800,20,1,6,2,-6428.21355799132,-6433.16976395748
800,20,1,6,3,-6419.04291234484,-6437.83303739408
800,20,1,6,4,-6398.39124117778,-6421.4409682938
800,20,1,6,5,-6320.56394546749,-6337.61782133512
800,20,2,6,1,-6413.66912973912,-6426.70236124662
800,20,2,6,2,-6440.22323147517,-6434.13308253447
800,20,2,6,3,-6514.00887493871,-6516.61993504681
800,20,2,6,4,-6453.14098656079,-6464.481889079
800,20,2,6,5,-6366.53790226359,-6377.74685043162
800,20,3,6,1,-6309.36575116056,-6314.84225978822
800,20,3,6,2,-6382.56981281954,-6404.85238769837
800,20,3,6,3,-6315.07668111888,-6339.15750462926
800,20,3,6,4,-6345.79678970362,-6369.28771034723
800,20,3,6,5,-6401.57541026877,-6399.78739177096
800,20,4,6,1,-6396.22576105174,-6420.2398211114
800,20,4,6,2,-6255.90047397465,-6276.77663714003
800,20,4,6,3,-6327.49970175751,-6350.79005791882
800,20,4,6,4,-6366.62069190774,-6383.65932237215
800,20,4,6,5,-6375.94083857636,-6400.19813410968
800,20,5,6,1,-6401.2031819584,-6404.27653096486
800,20,5,6,2,-6350.09906303357,-6345.42276540578
800,20,5,6,3,-6468.73524797362,-6440.28793625973
800,20,5,6,4,-6279.6797766637,-6272.95756366292
800,20,5,6,5,-6345.15937902563,-6349.72677216761
